Date,Open,High,Low,Close,Adj Close,Volume
2021-11-25,95.0,110.0,89.9000015258789,102.69999694824219,100.33248138427734,147346
2021-11-26,103.0,123.19999694824219,98.0,121.8499984741211,119.04102325439453,299118
2021-11-29,121.8499984741211,127.0,98.5,101.19999694824219,98.86705780029297,109297
2021-11-30,108.0,115.0,101.25,103.75,101.3582763671875,72500
2021-12-01,105.0,109.0,100.5,102.75,100.38133239746094,20175
2021-12-02,102.69999694824219,103.94999694824219,92.80000305175781,100.25,97.93895721435547,44701
2021-12-03,100.05000305175781,104.5999984741211,93.30000305175781,96.5999984741211,94.37310028076172,18495
2021-12-06,98.69999694824219,101.0,90.5999984741211,99.4000015258789,97.10855865478516,28117
2021-12-07,103.80000305175781,119.0,97.94999694824219,118.05000305175781,115.32862854003906,115217
2021-12-08,121.0999984741211,141.0,121.0999984741211,134.6999969482422,131.5948028564453,525545
2021-12-09,138.0,144.0,125.80000305175781,133.3000030517578,130.22708129882812,244084
2021-12-10,133.5,134.6999969482422,123.30000305175781,126.44999694824219,123.53498077392578,66489
2021-12-13,135.0,139.0,124.4000015258789,127.94999694824219,125.00039672851562,53993
2021-12-14,127.94999694824219,127.94999694824219,117.30000305175781,122.25,119.43180084228516,37164
2021-12-15,128.0,128.0,116.0,117.80000305175781,115.08438873291016,30070
2021-12-16,121.0,121.0,108.0,109.4000015258789,106.8780288696289,33596
2021-12-17,113.0,118.0,103.80000305175781,109.1500015258789,106.6337890625,41430
2021-12-20,109.1500015258789,109.1500015258789,101.0,102.0,99.64862060546875,23746
2021-12-21,100.69999694824219,112.19999694824219,98.55000305175781,112.19999694824219,109.61347198486328,38114
2021-12-22,117.9000015258789,123.4000015258789,116.8499984741211,123.4000015258789,120.55529022216797,44410
2021-12-23,129.89999389648438,132.8000030517578,117.5,120.19999694824219,117.4290542602539,64360
2021-12-24,124.0,127.0,119.05000305175781,120.55000305175781,117.77098846435547,33497
2021-12-27,119.0,120.8499984741211,112.94999694824219,116.3499984741211,113.66781616210938,18119
2021-12-28,116.3499984741211,120.94999694824219,115.0,115.5999984741211,112.93510437011719,15033
2021-12-29,119.69999694824219,119.69999694824219,112.25,115.55000305175781,112.88626098632812,27879
2021-12-30,113.5999984741211,123.0,113.0,120.9000015258789,118.11292266845703,22235
2021-12-31,118.5,122.75,115.69999694824219,116.94999694824219,114.25398254394531,18223
2022-01-03,125.0,125.0,118.5,121.5,118.69908905029297,32795
2022-01-04,124.0,124.8499984741211,118.5,119.44999694824219,116.69635009765625,18197
2022-01-05,124.0,124.0,116.30000305175781,117.9000015258789,115.18208312988281,16591
2022-01-06,122.0,122.0,116.30000305175781,118.4000015258789,115.6705551147461,14579
2022-01-07,120.80000305175781,120.80000305175781,113.19999694824219,115.94999694824219,113.27703857421875,19446
2022-01-10,112.80000305175781,120.0,112.0,117.75,115.03553771972656,25790
2022-01-11,120.0,120.0999984741211,115.25,117.6500015258789,114.93785095214844,17144
2022-01-12,117.5999984741211,118.30000305175781,112.0,115.0999984741211,113.41059112548828,19146
2022-01-13,115.0999984741211,121.0,112.80000305175781,117.80000305175781,116.07096862792969,20894
2022-01-14,119.0,119.0,114.80000305175781,115.9000015258789,114.1988525390625,5874
2022-01-17,118.0,119.0,115.0,116.30000305175781,114.59298706054688,11100
2022-01-18,116.3499984741211,116.5,110.80000305175781,112.94999694824219,111.29215240478516,12574
2022-01-19,112.0,115.3499984741211,112.0,113.0999984741211,111.43995666503906,14671
2022-01-20,112.3499984741211,118.0,112.25,113.5999984741211,111.93260955810547,13914
2022-01-21,113.5,116.0,112.05000305175781,114.25,112.57307434082031,6761
2022-01-24,112.0,116.4000015258789,104.1500015258789,108.6500015258789,107.0552749633789,11302
2022-01-25,110.75,111.5,105.8499984741211,108.69999694824219,107.10453033447266,4525
2022-01-27,112.0,112.0,105.0,108.0999984741211,106.51333618164062,1522
2022-01-28,109.55000305175781,114.9000015258789,108.9000015258789,111.30000305175781,109.66637420654297,7933
2022-01-31,113.9000015258789,114.0,109.80000305175781,110.69999694824219,109.07518005371094,5566
2022-02-01,113.80000305175781,113.80000305175781,108.05000305175781,110.55000305175781,108.92738342285156,6249
2022-02-02,109.25,113.69999694824219,108.6500015258789,111.9000015258789,110.257568359375,15888
2022-02-03,109.69999694824219,113.0,109.69999694824219,111.5999984741211,109.96196746826172,10332
2022-02-04,113.30000305175781,113.30000305175781,109.44999694824219,110.80000305175781,109.17371368408203,8446
2022-02-07,110.80000305175781,113.0,109.5,110.3499984741211,108.73031616210938,13139
2022-02-08,108.1500015258789,111.75,107.05000305175781,108.1500015258789,106.56260681152344,9284
2022-02-09,106.0,111.0,106.0,110.75,109.12444305419922,8628
2022-02-10,112.0,112.0999984741211,108.55000305175781,109.5,107.89279174804688,7052
2022-02-11,109.5,127.4000015258789,105.0,121.19999694824219,119.42105865478516,124108
2022-02-14,122.0,122.0,112.94999694824219,115.30000305175781,113.60765838623047,38051
2022-02-15,117.5,117.5,110.9000015258789,114.25,112.57307434082031,12783
2022-02-16,119.30000305175781,120.25,109.0,114.3499984741211,112.6716079711914,26437
2022-02-17,113.19999694824219,115.55000305175781,112.1500015258789,112.94999694824219,111.29215240478516,6177
2022-02-18,110.69999694824219,116.0,110.69999694824219,114.4000015258789,112.72087097167969,8078
2022-02-21,112.94999694824219,117.0,109.0,109.80000305175781,108.18839263916016,14076
2022-02-22,110.44999694824219,110.80000305175781,99.94999694824219,100.80000305175781,99.32048797607422,26043
2022-02-23,98.55000305175781,107.4000015258789,97.55000305175781,102.6500015258789,101.1433334350586,7361
2022-02-24,102.3499984741211,104.44999694824219,90.0,91.94999694824219,90.60037994384766,11103
2022-02-25,97.69999694824219,101.94999694824219,91.05000305175781,95.4000015258789,93.99974822998047,12363
2022-02-28,96.0,104.0,91.0999984741211,100.30000305175781,98.82782745361328,14292
2022-03-02,98.94999694824219,103.5,98.9000015258789,102.5999984741211,101.09407043457031,6217
2022-03-03,113.80000305175781,113.80000305175781,101.55000305175781,103.44999694824219,101.93158721923828,9439
2022-03-04,105.55000305175781,109.75,102.0999984741211,105.19999694824219,103.6559066772461,9989
2022-03-07,97.0,105.19999694824219,97.0,99.69999694824219,98.23663330078125,10894
2022-03-08,98.5999984741211,104.1500015258789,96.0,98.0,96.56158447265625,14568
2022-03-09,106.9000015258789,106.9000015258789,99.05000305175781,100.0999984741211,98.6307601928711,10301
2022-03-10,102.75,104.0,100.0999984741211,102.44999694824219,100.9462661743164,9477
2022-03-11,100.9000015258789,104.9000015258789,99.6500015258789,101.44999694824219,99.96094512939453,17381
2022-03-14,104.0,104.6500015258789,100.19999694824219,100.75,99.27122497558594,13613
2022-03-15,103.0,103.0,98.75,100.3499984741211,98.87709045410156,6880
2022-03-16,101.0,104.3499984741211,99.55000305175781,101.25,99.76387786865234,7920
2022-03-17,100.75,103.05000305175781,99.5,100.4000015258789,98.92636108398438,10385
2022-03-21,104.0,104.0,98.4000015258789,98.80000305175781,97.34984588623047,5496
2022-03-22,99.5,100.44999694824219,92.3499984741211,97.19999694824219,95.77332305908203,31057
2022-03-23,99.69999694824219,101.6500015258789,98.0,98.5,97.05425262451172,21354
2022-03-24,98.5999984741211,101.0,98.5999984741211,98.9000015258789,97.44837951660156,9222
2022-03-25,98.19999694824219,102.6500015258789,98.0,98.69999694824219,97.25131225585938,9948
2022-03-28,96.80000305175781,101.3499984741211,96.80000305175781,99.80000305175781,98.33516693115234,20394
2022-03-29,102.0,102.0,98.75,99.25,97.7932357788086,5936
2022-03-30,101.94999694824219,101.94999694824219,94.0,95.55000305175781,94.14754486083984,10061
2022-03-31,95.55000305175781,98.4000015258789,92.0999984741211,93.6500015258789,92.27543640136719,10061
2022-04-01,95.5999984741211,102.5,95.5999984741211,100.3499984741211,98.87709045410156,7828
2022-04-04,103.0,112.0,99.19999694824219,109.30000305175781,107.69573211669922,35297
2022-04-05,105.5999984741211,118.75,105.5999984741211,117.4000015258789,115.67684173583984,31267
2022-04-06,117.4000015258789,117.4000015258789,111.19999694824219,114.69999694824219,113.01646423339844,19399
2022-04-07,116.30000305175781,118.75,112.05000305175781,112.55000305175781,110.89802551269531,11802
2022-04-08,112.5,117.9000015258789,110.94999694824219,116.5,114.79004669189453,38236
2022-04-11,119.4000015258789,120.75,114.19999694824219,116.19999694824219,114.49444580078125,61061
2022-04-12,112.0,117.4000015258789,112.0,115.25,113.55839538574219,19718
2022-04-13,115.6500015258789,117.0,114.3499984741211,115.19999694824219,113.50912475585938,8690
2022-04-18,115.30000305175781,117.0,112.4000015258789,116.44999694824219,114.74077606201172,12624
2022-04-19,118.0,119.05000305175781,114.5,115.1500015258789,113.45986938476562,40184
2022-04-20,116.0999984741211,117.5,113.05000305175781,114.0999984741211,112.4252700805664,7862
2022-04-21,115.75,116.9000015258789,110.1500015258789,113.0999984741211,111.43995666503906,19136
2022-04-22,110.8499984741211,115.80000305175781,110.8499984741211,112.30000305175781,110.65170288085938,16647
2022-04-25,113.5999984741211,114.6500015258789,107.25,110.6500015258789,109.02590942382812,8665
2022-04-26,112.19999694824219,113.9000015258789,107.3499984741211,108.9000015258789,107.30159759521484,11290
2022-04-27,106.19999694824219,109.0,106.0999984741211,107.30000305175781,105.72508239746094,10817
2022-04-28,108.80000305175781,109.80000305175781,106.0,106.25,104.69049835205078,8334
2022-04-29,107.75,109.80000305175781,105.0,106.55000305175781,104.98609161376953,22656
2022-05-02,107.80000305175781,108.94999694824219,102.25,105.9000015258789,104.34563446044922,15036
2022-05-04,108.94999694824219,108.94999694824219,103.05000305175781,105.9000015258789,104.34563446044922,17371
2022-05-05,108.0,108.0,100.69999694824219,101.9000015258789,100.40434265136719,7680
2022-05-06,101.5,107.0,96.05000305175781,102.44999694824219,100.9462661743164,6724
2022-05-09,99.44999694824219,103.5,97.8499984741211,100.94999694824219,99.4682846069336,4816
2022-05-10,100.6500015258789,103.94999694824219,99.05000305175781,100.8499984741211,99.3697509765625,9428
2022-05-11,102.30000305175781,109.8499984741211,84.9000015258789,104.0999984741211,102.5720443725586,82500
2022-05-12,107.4000015258789,108.5,99.05000305175781,101.30000305175781,99.81314849853516,27104
2022-05-13,102.75,107.0,97.5,99.6500015258789,98.18737030029297,18317
2022-05-16,104.0,107.9000015258789,102.05000305175781,103.8499984741211,102.32572174072266,24783
2022-05-17,103.44999694824219,105.9000015258789,101.1500015258789,103.0,101.48819732666016,14873
2022-05-18,104.44999694824219,107.1500015258789,101.0,102.05000305175781,100.55213928222656,10412
2022-05-19,101.0,101.55000305175781,98.05000305175781,98.94999694824219,97.49764251708984,5971
2022-05-20,100.3499984741211,101.0,98.6500015258789,99.0999984741211,97.64543914794922,10030
2022-05-23,99.0999984741211,103.69999694824219,97.3499984741211,99.69999694824219,98.23663330078125,11437
2022-05-24,101.1500015258789,101.9000015258789,96.1500015258789,99.5999984741211,98.13809967041016,13511
2022-05-25,96.6500015258789,98.5999984741211,94.5,95.5,94.09828186035156,7286
2022-05-26,96.8499984741211,96.8499984741211,92.69999694824219,93.19999694824219,91.83203125,5143
2022-05-27,93.44999694824219,96.9000015258789,91.05000305175781,95.5999984741211,94.19680786132812,16024
2022-05-30,95.5999984741211,101.94999694824219,94.5999984741211,100.44999694824219,98.97561645507812,21622
2022-05-31,101.94999694824219,103.0999984741211,97.8499984741211,102.25,100.74920654296875,19186
2022-06-01,102.0,102.0,97.75,99.55000305175781,98.08883666992188,11643
2022-06-02,100.05000305175781,100.5,96.8499984741211,100.30000305175781,98.82782745361328,10808
2022-06-03,100.30000305175781,100.69999694824219,98.4000015258789,98.69999694824219,97.25131225585938,3046
2022-06-06,99.8499984741211,102.0,95.75,101.0999984741211,99.61608123779297,6010
2022-06-07,99.1500015258789,101.1500015258789,98.5,99.30000305175781,97.84251403808594,2662
2022-06-08,100.19999694824219,100.44999694824219,98.0999984741211,99.25,97.7932357788086,2140
2022-06-09,99.75,100.6500015258789,97.5,98.19999694824219,96.7586441040039,2939
2022-06-10,98.05000305175781,99.1500015258789,96.25,97.5,96.06892395019531,1757
2022-06-13,98.94999694824219,98.94999694824219,93.0999984741211,94.8499984741211,93.45782470703125,4798
2022-06-14,95.94999694824219,96.0999984741211,92.25,94.55000305175781,93.16222381591797,5293
2022-06-15,95.4000015258789,95.75,91.75,93.0999984741211,91.73350524902344,4203
2022-06-16,93.5999984741211,95.0,84.05000305175781,92.0,90.649658203125,7019
2022-06-17,90.0,93.75,86.8499984741211,90.3499984741211,89.02386474609375,12581
2022-06-20,97.3499984741211,97.3499984741211,81.5,84.75,83.50606536865234,17188
2022-06-21,91.05000305175781,91.05000305175781,84.05000305175781,85.75,84.49138641357422,8941
2022-06-22,87.6500015258789,88.5,82.0,83.5999984741211,82.37294006347656,2443
2022-06-23,87.69999694824219,90.0,82.0,87.1500015258789,85.87084197998047,9163
2022-06-24,87.0,89.0,84.05000305175781,85.1500015258789,83.90019989013672,22543
2022-06-27,85.3499984741211,88.5,84.0,88.4000015258789,87.10249328613281,9376
2022-06-28,87.80000305175781,89.0,87.0,87.80000305175781,86.51129913330078,4933
2022-06-29,86.05000305175781,89.5,86.0,89.19999694824219,87.8907470703125,2799
2022-06-30,90.44999694824219,91.0,88.5999984741211,89.94999694824219,88.6297378540039,5590
2022-07-01,87.3499984741211,90.94999694824219,87.3499984741211,90.0,88.67900848388672,3416
2022-07-04,91.3499984741211,96.44999694824219,88.25,94.75,93.35928344726562,28823
2022-07-05,95.0,109.0,94.5,103.0,101.48819732666016,98378
2022-07-06,104.30000305175781,106.9000015258789,100.5,104.1500015258789,102.6213150024414,38673
2022-07-07,103.05000305175781,105.0,101.4000015258789,103.44999694824219,101.93158721923828,21385
2022-07-08,102.0,103.44999694824219,100.5999984741211,101.0,99.5175552368164,4866
2022-07-11,98.19999694824219,104.80000305175781,98.19999694824219,103.30000305175781,101.78379821777344,12988
2022-07-12,103.44999694824219,103.9000015258789,101.0999984741211,102.05000305175781,100.55213928222656,4438
2022-07-13,103.55000305175781,103.55000305175781,100.0,102.3499984741211,100.84774017333984,3239
2022-07-14,102.30000305175781,106.0,100.3499984741211,104.44999694824219,102.91690826416016,19199
2022-07-15,113.0,118.0,103.3499984741211,105.5999984741211,104.05003356933594,90014
2022-07-18,108.0,108.0,101.5,102.80000305175781,101.2911376953125,9973
2022-07-19,103.5,106.5,100.75,105.5,103.95149993896484,12704
2022-07-20,105.44999694824219,108.25,103.5,104.1500015258789,102.6213150024414,12539
2022-07-21,105.44999694824219,105.44999694824219,103.55000305175781,104.0999984741211,102.5720443725586,27076
2022-07-22,104.30000305175781,108.9000015258789,102.6500015258789,107.30000305175781,105.72508239746094,11979
2022-07-25,112.0,112.0,106.19999694824219,108.4000015258789,106.8089370727539,33758
2022-07-26,108.05000305175781,108.05000305175781,103.5999984741211,104.94999694824219,103.4095687866211,20694
2022-07-27,103.5,105.94999694824219,103.3499984741211,104.5999984741211,103.06471252441406,2292
2022-07-28,106.05000305175781,108.0,103.55000305175781,107.1500015258789,105.57728576660156,35766
2022-07-29,107.25,108.69999694824219,101.94999694824219,103.80000305175781,102.27645874023438,12402
2022-08-01,105.3499984741211,113.0,103.8499984741211,112.44999694824219,110.79948425292969,39967
2022-08-02,112.44999694824219,115.0,110.0,113.75,112.08041381835938,28444
2022-08-03,114.0,114.0,110.0,112.8499984741211,111.19361877441406,14119
2022-08-04,113.5,116.6500015258789,112.8499984741211,114.44999694824219,112.77013397216797,13035
2022-08-05,114.44999694824219,116.9000015258789,112.19999694824219,115.5999984741211,113.90325927734375,15522
2022-08-08,115.5999984741211,117.5,115.5999984741211,117.0,115.28270721435547,8918
2022-08-10,116.0,124.5,115.9000015258789,119.3499984741211,117.59821319580078,52812
2022-08-11,121.6500015258789,121.6500015258789,114.5999984741211,115.75,114.05105590820312,18455
2022-08-12,117.44999694824219,121.4000015258789,107.19999694824219,113.3499984741211,111.686279296875,29688
2022-08-16,115.05000305175781,118.94999694824219,114.05000305175781,116.05000305175781,114.3466567993164,11668
2022-08-17,118.8499984741211,118.8499984741211,116.05000305175781,117.69999694824219,115.97242736816406,13844
2022-08-18,118.9000015258789,121.94999694824219,117.1500015258789,121.6500015258789,119.86446380615234,40312
2022-08-19,121.8499984741211,145.9499969482422,119.0,136.0500030517578,134.0531005859375,525881
2022-08-22,140.0,143.8000030517578,131.0,135.4499969482422,133.46189880371094,144492
2022-08-23,136.75,141.75,131.64999389648438,135.25,133.2648468017578,139723
2022-08-24,136.75,137.89999389648438,131.60000610351562,133.4499969482422,131.4912567138672,33520
2022-08-25,135.4499969482422,135.4499969482422,127.30000305175781,128.5500030517578,127.61949157714844,38930
2022-08-26,135.0,137.8000030517578,130.3000030517578,135.3000030517578,134.3206329345703,103156
2022-08-29,131.0500030517578,139.9499969482422,130.0500030517578,135.75,134.7673797607422,91927
2022-08-30,137.75,138.8000030517578,131.6999969482422,137.85000610351562,136.8521728515625,81421
2022-09-01,139.85000610351562,140.9499969482422,133.0,135.60000610351562,134.61846923828125,83357
2022-09-02,138.5500030517578,138.5500030517578,131.64999389648438,132.75,131.78909301757812,22355
2022-09-05,138.6999969482422,138.6999969482422,127.0,130.75,129.80355834960938,72005
2022-09-06,132.64999389648438,135.39999389648438,125.6500015258789,126.0999984741211,125.18722534179688,156014
2022-09-07,127.9000015258789,131.0,125.55000305175781,126.5,125.5843276977539,41233
2022-09-08,128.35000610351562,151.0,127.05000305175781,148.0500030517578,146.9783477783203,607206
2022-09-09,152.0,159.0,150.0,153.8000030517578,152.6867218017578,475299
2022-09-12,154.6999969482422,167.0,154.6999969482422,163.10000610351562,161.91940307617188,319446
2022-09-13,166.0,169.0,153.0,162.9499969482422,161.77047729492188,191633
2022-09-14,162.9499969482422,165.5,160.0,162.1999969482422,161.02590942382812,82521
2022-09-15,169.0,169.0,160.0,163.14999389648438,161.96902465820312,50449
2022-09-16,165.5500030517578,165.5500030517578,154.0,155.25,154.126220703125,37987
2022-09-19,160.0,160.0,144.89999389648438,146.64999389648438,145.58847045898438,88003
2022-09-20,149.3000030517578,153.8000030517578,145.25,147.1999969482422,146.13449096679688,41229
2022-09-21,150.39999389648438,152.6999969482422,139.35000610351562,142.9499969482422,141.91525268554688,97326
2022-09-22,143.0,148.6999969482422,135.10000610351562,139.10000610351562,138.09312438964844,106904
2022-09-23,145.0,146.0,131.0,132.3000030517578,131.34234619140625,45834
2022-09-26,128.25,134.89999389648438,116.55000305175781,120.0,119.13137817382812,104288
2022-09-27,123.0,142.6999969482422,121.19999694824219,129.60000610351562,128.66189575195312,236060
2022-09-28,130.0,132.10000610351562,120.0,123.55000305175781,122.65568542480469,78463
2022-09-29,130.0,132.89999389648438,122.5,123.69999694824219,122.80459594726562,53461
2022-09-30,127.6500015258789,132.5,124.0,129.89999389648438,128.959716796875,71019
2022-10-03,133.89999389648438,134.9499969482422,124.1500015258789,126.80000305175781,125.88216400146484,56589
2022-10-04,126.94999694824219,133.39999389648438,126.94999694824219,128.85000610351562,127.91732788085938,37888
2022-10-06,130.0,137.8000030517578,128.25,129.75,128.81080627441406,95529
2022-10-07,132.89999389648438,133.0,126.19999694824219,128.1999969482422,127.27201843261719,86537
2022-10-10,127.80000305175781,129.5,124.0999984741211,126.8499984741211,125.93179321289062,19441
2022-10-11,128.5500030517578,129.39999389648438,122.0,123.5,122.60604095458984,21669
2022-10-12,127.0,128.89999389648438,122.69999694824219,123.4000015258789,122.50676727294922,28094
2022-10-13,122.0999984741211,127.69999694824219,120.19999694824219,121.6500015258789,120.76943969726562,25202
2022-10-14,126.4000015258789,126.4000015258789,120.05000305175781,121.0,120.12413787841797,37833
2022-10-17,118.0,121.4000015258789,117.0,118.44999694824219,117.59259796142578,28074
2022-10-18,119.5,122.6500015258789,119.0999984741211,120.4000015258789,119.52848815917969,21378
2022-10-19,124.8499984741211,125.0,119.1500015258789,121.0,120.12413787841797,26232
2022-10-20,123.3499984741211,123.3499984741211,115.0,118.6500015258789,117.79115295410156,28840
2022-10-21,120.94999694824219,122.5999984741211,118.3499984741211,120.1500015258789,119.2802963256836,12855
2022-10-24,120.55000305175781,123.1500015258789,118.6500015258789,119.5,118.63500213623047,5408
2022-10-25,120.69999694824219,121.25,116.3499984741211,118.19999694824219,117.34440612792969,8181
2022-10-27,116.80000305175781,123.0,116.30000305175781,116.94999694824219,116.10345458984375,40299
2022-10-28,118.0,118.6500015258789,116.6500015258789,116.94999694824219,116.10345458984375,12486
2022-10-31,120.80000305175781,120.80000305175781,112.9000015258789,115.05000305175781,114.21721649169922,26359
2022-11-01,113.0,117.8499984741211,113.0,114.44999694824219,113.62155151367188,18558
2022-11-02,117.94999694824219,118.1500015258789,114.69999694824219,115.9000015258789,115.0610580444336,17039
2022-11-03,115.0,117.69999694824219,114.5,115.0,114.16757202148438,14949
2022-11-04,117.80000305175781,122.5,112.3499984741211,121.1500015258789,120.27305603027344,48083
2022-11-07,118.1500015258789,129.5,118.1500015258789,127.4000015258789,126.47781372070312,83812
2022-11-09,133.0,138.4499969482422,129.0,132.5500030517578,131.59054565429688,206213
2022-11-10,134.89999389648438,136.0,130.0,133.89999389648438,132.93075561523438,53995
2022-11-11,142.6999969482422,142.6999969482422,132.75,136.39999389648438,135.41265869140625,98830
2022-11-14,139.6999969482422,140.0,129.14999389648438,130.75,129.80355834960938,50258
2022-11-15,131.75,137.0,130.8000030517578,133.64999389648438,132.6825714111328,24103
2022-11-16,133.35000610351562,134.25,128.10000610351562,128.5,127.56985473632812,25909
2022-11-17,126.5999984741211,129.0,123.19999694824219,124.75,123.84699249267578,25883
2022-11-18,124.75,130.25,123.1500015258789,127.25,126.32890319824219,24786
2022-11-21,141.39999389648438,145.0,133.8000030517578,136.5500030517578,135.56158447265625,299500
2022-11-22,137.0,137.60000610351562,131.3000030517578,133.85000610351562,132.88113403320312,56039
2022-11-23,132.4499969482422,137.5,132.39999389648438,136.14999389648438,135.1644744873047,55710
2022-11-24,137.35000610351562,141.0,133.0500030517578,134.85000610351562,133.87388610839844,75476
2022-11-25,134.85000610351562,136.85000610351562,131.0500030517578,132.4499969482422,131.4912567138672,32837
2022-11-28,137.0,137.64999389648438,132.3000030517578,133.8000030517578,132.8314971923828,33492
2022-11-29,134.4499969482422,137.5,133.5,134.0,133.03004455566406,29300
2022-11-30,134.75,145.0,134.5,139.5,138.490234375,67325
2022-12-01,140.39999389648438,145.0,137.35000610351562,140.3000030517578,139.28443908691406,44029
2022-12-02,140.0,140.35000610351562,135.0,138.0,137.00108337402344,28930
2022-12-05,136.25,147.0,136.25,145.75,144.6949920654297,106014
2022-12-06,145.75,148.9499969482422,141.0500030517578,143.75,142.70945739746094,49792
2022-12-07,145.0500030517578,146.4499969482422,142.4499969482422,144.8000030517578,143.75186157226562,21879
2022-12-08,148.60000610351562,152.4499969482422,147.89999389648438,149.5,148.4178466796875,122638
2022-12-09,152.75,152.75,140.64999389648438,143.39999389648438,142.36199951171875,45962
2022-12-12,143.0,148.85000610351562,141.35000610351562,147.14999389648438,146.08485412597656,36433
2022-12-13,148.4499969482422,149.89999389648438,145.0500030517578,146.6999969482422,145.6381072998047,28609
2022-12-14,145.9499969482422,150.0500030517578,142.14999389648438,144.10000610351562,143.0569305419922,30987
2022-12-15,144.89999389648438,149.64999389648438,138.89999389648438,139.9499969482422,138.9369659423828,35040
2022-12-16,137.60000610351562,141.39999389648438,134.89999389648438,136.85000610351562,135.8594207763672,34845
2022-12-19,136.85000610351562,140.10000610351562,136.60000610351562,138.89999389648438,137.89456176757812,30051
2022-12-20,139.5,143.5500030517578,138.9499969482422,140.89999389648438,139.8800811767578,38368
2022-12-21,142.89999389648438,143.5500030517578,130.25,132.35000610351562,131.39198303222656,40591
2022-12-22,136.5,137.1999969482422,123.25,128.14999389648438,127.22238159179688,47224
2022-12-23,124.30000305175781,133.6999969482422,124.30000305175781,125.94999694824219,125.0383071899414,42978
2022-12-26,129.75,133.0,126.5,130.64999389648438,129.70428466796875,47259
2022-12-27,134.89999389648438,142.0,130.10000610351562,139.25,138.24203491210938,71702
2022-12-28,137.10000610351562,140.0500030517578,133.64999389648438,135.8000030517578,134.8170166015625,35606
2022-12-29,136.5500030517578,138.89999389648438,124.05000305175781,138.14999389648438,137.14999389648438,39858
2022-12-30,139.9499969482422,141.0,131.39999389648438,136.8000030517578,136.8000030517578,49250
2023-01-02,136.8000030517578,151.0,136.14999389648438,147.25,147.25,133562
2023-01-03,150.9499969482422,153.6999969482422,147.5500030517578,148.5,148.5,60114
2023-01-04,149.39999389648438,149.39999389648438,138.14999389648438,139.5500030517578,139.5500030517578,87144
2023-01-05,141.3000030517578,141.6999969482422,135.3000030517578,138.0,138.0,24567
2023-01-06,138.14999389648438,138.75,135.9499969482422,137.25,137.25,22861
2023-01-09,145.0,145.0,138.14999389648438,138.89999389648438,138.89999389648438,19376
2023-01-10,139.14999389648438,141.6999969482422,135.8000030517578,137.75,137.75,17336
2023-01-11,138.39999389648438,139.14999389648438,134.0,135.1999969482422,135.1999969482422,21719
2023-01-12,136.5500030517578,140.0,134.14999389648438,139.10000610351562,139.10000610351562,34022
2023-01-13,141.1999969482422,146.39999389648438,138.85000610351562,145.25,145.25,64061
2023-01-16,147.4499969482422,149.0,140.25,141.39999389648438,141.39999389648438,62978
2023-01-17,141.0500030517578,162.60000610351562,138.3000030517578,157.1999969482422,157.1999969482422,495645
2023-01-18,161.0,166.6999969482422,158.0,164.5,164.5,383007
2023-01-19,163.9499969482422,177.89999389648438,161.5500030517578,168.85000610351562,168.85000610351562,340097
2023-01-20,170.75,179.0,168.0,172.64999389648438,172.64999389648438,504991
2023-01-23,175.25,176.9499969482422,164.10000610351562,165.60000610351562,165.60000610351562,100196
2023-01-24,165.60000610351562,169.6999969482422,160.35000610351562,161.9499969482422,161.9499969482422,54372
2023-01-25,164.35000610351562,168.6999969482422,160.0,162.0500030517578,162.0500030517578,77229
2023-01-27,163.4499969482422,167.89999389648438,152.0500030517578,163.5,163.5,108311
2023-01-30,165.9499969482422,165.9499969482422,159.5,163.0500030517578,163.0500030517578,41578
2023-01-31,164.0,169.89999389648438,160.14999389648438,166.14999389648438,166.14999389648438,81489
2023-02-01,167.0,176.6999969482422,151.60000610351562,157.9499969482422,157.9499969482422,165393
2023-02-02,157.8000030517578,163.39999389648438,153.0,155.39999389648438,155.39999389648438,68760
2023-02-03,155.9499969482422,159.0,151.0,154.5,154.5,72640
2023-02-06,156.0,157.9499969482422,151.5500030517578,156.5,156.5,39126
2023-02-07,156.0,158.5,153.89999389648438,154.25,154.25,32856
2023-02-08,154.25,157.39999389648438,151.6999969482422,153.5,153.5,36270
2023-02-09,154.64999389648438,163.0,153.5,158.9499969482422,158.9499969482422,39419
2023-02-10,162.6999969482422,168.89999389648438,160.0,167.0,167.0,107791
2023-02-13,167.0,171.9499969482422,154.25,156.4499969482422,156.4499969482422,159285
2023-02-14,158.0,169.9499969482422,156.75,165.6999969482422,165.6999969482422,138545
2023-02-15,166.10000610351562,176.0,166.10000610351562,174.0,174.0,179915
2023-02-16,178.89999389648438,183.6999969482422,175.0,175.60000610351562,175.60000610351562,182424
2023-02-17,175.4499969482422,178.1999969482422,173.8000030517578,176.14999389648438,176.14999389648438,50686
2023-02-20,179.8000030517578,181.10000610351562,169.10000610351562,171.25,171.25,97005
2023-02-21,172.8000030517578,178.0,172.39999389648438,176.3000030517578,176.3000030517578,58551
2023-02-22,178.89999389648438,178.89999389648438,171.39999389648438,173.25,173.25,45101
2023-02-23,175.75,175.8000030517578,168.3000030517578,170.85000610351562,170.85000610351562,22373
2023-02-24,170.85000610351562,171.5,164.60000610351562,167.3000030517578,167.3000030517578,58429
2023-02-27,169.35000610351562,174.0,161.35000610351562,169.75,169.75,54820
2023-02-28,170.0,174.35000610351562,168.0,173.35000610351562,173.35000610351562,62031
2023-03-01,174.0,176.0,171.39999389648438,172.39999389648438,172.39999389648438,43824
2023-03-02,172.89999389648438,174.5,170.4499969482422,172.85000610351562,172.85000610351562,32705
2023-03-03,174.60000610351562,187.5,171.5,180.75,180.75,157508
2023-03-06,179.4499969482422,181.85000610351562,177.89999389648438,178.39999389648438,178.39999389648438,62965
2023-03-08,179.0,185.85000610351562,175.3000030517578,178.4499969482422,178.4499969482422,54175
2023-03-09,180.25,182.4499969482422,176.85000610351562,177.64999389648438,177.64999389648438,48561
2023-03-10,180.0,180.0,175.3000030517578,177.5,177.5,46653
2023-03-13,177.0,180.9499969482422,170.10000610351562,172.10000610351562,172.10000610351562,71158
2023-03-14,169.5,173.60000610351562,164.5,165.8000030517578,165.8000030517578,66721
2023-03-15,166.5500030517578,172.0,165.0,170.0500030517578,170.0500030517578,48689
2023-03-16,172.60000610351562,173.5500030517578,164.5500030517578,167.0,167.0,61327
2023-03-17,169.1999969482422,170.6999969482422,166.5500030517578,167.89999389648438,167.89999389648438,29809
2023-03-20,168.5500030517578,169.0,159.5500030517578,161.9499969482422,161.9499969482422,44482
2023-03-21,161.5500030517578,166.89999389648438,159.9499969482422,162.89999389648438,162.89999389648438,54711
2023-03-22,164.5,172.39999389648438,164.0,167.4499969482422,167.4499969482422,32440
2023-03-23,167.4499969482422,174.6999969482422,165.3000030517578,171.8000030517578,171.8000030517578,35036
2023-03-24,173.35000610351562,173.60000610351562,166.0,166.64999389648438,166.64999389648438,21796
2023-03-27,166.64999389648438,169.35000610351562,163.60000610351562,165.0500030517578,165.0500030517578,26473
2023-03-28,164.1999969482422,166.39999389648438,160.10000610351562,161.25,161.25,29466
2023-03-29,161.89999389648438,170.10000610351562,159.8000030517578,167.39999389648438,167.39999389648438,25148
2023-03-31,166.10000610351562,169.75,162.8000030517578,164.0,164.0,20451
2023-04-03,166.4499969482422,169.64999389648438,162.5500030517578,168.0,168.0,28388
2023-04-05,170.0,173.89999389648438,162.0500030517578,168.1999969482422,168.1999969482422,63898
2023-04-06,171.0,180.0,169.5,178.64999389648438,178.64999389648438,52969
2023-04-10,182.4499969482422,183.9499969482422,173.25,174.64999389648438,174.64999389648438,46363
2023-04-11,182.4499969482422,182.5500030517578,176.14999389648438,180.60000610351562,180.60000610351562,29905
2023-04-12,182.89999389648438,183.0,180.0,182.6999969482422,182.6999969482422,26014
2023-04-13,181.0500030517578,186.0,170.9499969482422,174.35000610351562,174.35000610351562,67295
2023-04-17,172.0,175.9499969482422,169.0500030517578,174.0500030517578,174.0500030517578,41255
2023-04-18,177.4499969482422,178.0,171.3000030517578,174.64999389648438,174.64999389648438,28873
2023-04-19,176.0500030517578,180.0,174.9499969482422,176.89999389648438,176.89999389648438,26633
2023-04-20,175.10000610351562,177.75,173.4499969482422,175.25,175.25,13662
2023-04-21,175.9499969482422,176.9499969482422,171.3000030517578,172.9499969482422,172.9499969482422,15443
2023-04-24,172.0,177.64999389648438,171.3000030517578,177.0500030517578,177.0500030517578,23911
2023-04-25,177.10000610351562,184.0,175.5,180.39999389648438,180.39999389648438,59347
2023-04-26,182.85000610351562,182.85000610351562,172.8000030517578,175.4499969482422,175.4499969482422,45300
2023-04-27,172.4499969482422,176.8000030517578,172.4499969482422,175.0500030517578,175.0500030517578,17498
2023-04-28,176.0,176.85000610351562,173.25,174.85000610351562,174.85000610351562,30600
2023-05-02,175.0,179.4499969482422,175.0,177.35000610351562,177.35000610351562,18572
2023-05-03,176.14999389648438,178.14999389648438,175.0,176.9499969482422,176.9499969482422,16194
2023-05-04,179.1999969482422,179.1999969482422,173.25,174.75,174.75,20165
2023-05-05,175.9499969482422,176.85000610351562,173.3000030517578,176.0500030517578,176.0500030517578,17256
2023-05-08,178.64999389648438,179.0,175.0,177.0500030517578,177.0500030517578,28834
2023-05-09,178.4499969482422,190.39999389648438,172.0,186.5500030517578,186.5500030517578,171482
2023-05-10,189.5,193.39999389648438,187.8000030517578,190.39999389648438,190.39999389648438,121667
2023-05-11,191.89999389648438,193.0,184.8000030517578,186.4499969482422,186.4499969482422,44858
2023-05-12,188.6999969482422,193.14999389648438,182.75,189.39999389648438,189.39999389648438,55234
2023-05-15,193.1999969482422,193.1999969482422,186.60000610351562,189.5500030517578,189.5500030517578,30862
2023-05-16,190.14999389648438,191.14999389648438,184.64999389648438,186.0500030517578,186.0500030517578,31581
2023-05-17,187.4499969482422,187.89999389648438,181.0,182.9499969482422,182.9499969482422,27893
2023-05-18,181.35000610351562,188.0,181.35000610351562,183.3000030517578,183.3000030517578,28120
2023-05-19,184.89999389648438,185.35000610351562,181.0,183.3000030517578,183.3000030517578,14968
2023-05-22,172.0,185.75,172.0,182.3000030517578,182.3000030517578,44786
2023-05-23,184.0,185.0,181.14999389648438,183.85000610351562,183.85000610351562,12998
2023-05-24,187.6999969482422,187.6999969482422,179.1999969482422,183.0500030517578,183.0500030517578,26658
2023-05-25,185.10000610351562,185.10000610351562,181.5,182.89999389648438,182.89999389648438,20636
2023-05-26,184.0,184.64999389648438,155.0,162.14999389648438,162.14999389648438,249900
2023-05-29,164.85000610351562,169.5,156.0500030517578,165.6999969482422,165.6999969482422,97508
2023-05-30,165.6999969482422,174.0,163.5,171.4499969482422,171.4499969482422,72006
2023-05-31,174.0,174.0,164.0,165.60000610351562,165.60000610351562,46113
2023-06-01,165.60000610351562,170.85000610351562,164.10000610351562,166.9499969482422,166.9499969482422,57988
2023-06-02,168.60000610351562,173.5500030517578,165.10000610351562,168.6999969482422,168.6999969482422,70214
2023-06-05,171.0,171.0,165.6999969482422,166.3000030517578,166.3000030517578,56041
2023-06-06,167.8000030517578,181.4499969482422,164.5500030517578,179.0,179.0,161562
2023-06-07,179.3000030517578,189.0,178.0,187.85000610351562,187.85000610351562,104057
2023-06-08,187.85000610351562,190.85000610351562,181.0,186.10000610351562,186.10000610351562,64527
2023-06-09,187.9499969482422,189.75,181.14999389648438,183.8000030517578,183.8000030517578,25017
2023-06-12,185.64999389648438,205.0,183.9499969482422,202.14999389648438,202.14999389648438,339832
2023-06-13,209.0,242.0,208.9499969482422,222.9499969482422,222.9499969482422,1153763
2023-06-14,222.9499969482422,229.0,218.0500030517578,225.85000610351562,225.85000610351562,232946
2023-06-15,227.60000610351562,236.9499969482422,221.10000610351562,228.1999969482422,228.1999969482422,263273
2023-06-16,228.1999969482422,238.9499969482422,226.3000030517578,233.85000610351562,233.85000610351562,171478
2023-06-19,238.0500030517578,243.85000610351562,231.10000610351562,241.5500030517578,241.5500030517578,158779
2023-06-20,242.75,245.0,235.3000030517578,240.35000610351562,240.35000610351562,72752
2023-06-21,238.0500030517578,242.9499969482422,226.0,228.10000610351562,228.10000610351562,64664
2023-06-22,228.10000610351562,228.10000610351562,216.6999969482422,216.6999969482422,216.6999969482422,21472
2023-06-23,220.0,220.0,205.89999389648438,205.89999389648438,205.89999389648438,14363
2023-06-26,195.60000610351562,216.14999389648438,195.60000610351562,216.0,216.0,7265
2023-06-27,226.6999969482422,226.8000030517578,217.0,226.8000030517578,226.8000030517578,10219
2023-06-30,244.0,246.0,225.0,232.35000610351562,232.35000610351562,22067
2023-07-03,227.0,234.0,220.75,220.75,220.75,19134
2023-07-04,220.75,231.75,209.75,231.75,231.75,27639
2023-07-05,243.3000030517578,243.3000030517578,243.3000030517578,243.3000030517578,243.3000030517578,19150
2023-07-06,255.4499969482422,255.4499969482422,255.4499969482422,255.4499969482422,255.4499969482422,12228
2023-07-07,268.20001220703125,268.20001220703125,268.20001220703125,268.20001220703125,268.20001220703125,45133
2023-07-10,281.5,281.6000061035156,254.8000030517578,281.54998779296875,281.54998779296875,81657
2023-07-11,281.54998779296875,281.54998779296875,281.54998779296875,281.54998779296875,281.54998779296875,0
2023-07-12,281.54998779296875,281.54998779296875,281.54998779296875,281.54998779296875,281.54998779296875,0
2023-07-13,281.54998779296875,281.54998779296875,281.54998779296875,281.54998779296875,281.54998779296875,0
2023-07-14,281.54998779296875,281.54998779296875,281.54998779296875,281.54998779296875,281.54998779296875,0
2023-07-17,275.95001220703125,275.95001220703125,275.95001220703125,275.95001220703125,275.95001220703125,89092
2023-07-18,275.95001220703125,275.95001220703125,275.95001220703125,275.95001220703125,275.95001220703125,0
2023-07-19,275.95001220703125,275.95001220703125,275.95001220703125,275.95001220703125,275.95001220703125,0
2023-07-20,275.95001220703125,275.95001220703125,275.95001220703125,275.95001220703125,275.95001220703125,0
2023-07-21,275.95001220703125,275.95001220703125,275.95001220703125,275.95001220703125,275.95001220703125,0
2023-07-24,270.45001220703125,270.45001220703125,270.45001220703125,270.45001220703125,270.45001220703125,20316
2023-07-25,265.04998779296875,265.04998779296875,265.04998779296875,265.04998779296875,265.04998779296875,2901
2023-07-26,259.75,259.75,259.75,259.75,259.75,2065
2023-07-27,254.5500030517578,254.5500030517578,254.5500030517578,254.5500030517578,254.5500030517578,1414
2023-07-28,249.4499969482422,249.4499969482422,249.4499969482422,249.4499969482422,249.4499969482422,5086
2023-07-31,244.5,244.5,244.5,244.5,244.5,5291
2023-08-01,239.64999389648438,239.64999389648438,239.64999389648438,239.64999389648438,239.64999389648438,3071
2023-08-02,244.0,244.0,234.85000610351562,244.0,244.0,22137
2023-08-03,248.85000610351562,248.85000610351562,248.85000610351562,248.85000610351562,248.85000610351562,7405
2023-08-04,253.8000030517578,253.8000030517578,253.8000030517578,253.8000030517578,253.8000030517578,3369
2023-08-07,258.8500061035156,258.8500061035156,258.8500061035156,258.8500061035156,258.8500061035156,3386
